Wijkcode,Wijknaam,Gemnr,Gemnaam,Wijk,Jaar,% 75+,Gem GGZ Kosten,% Kostenmakers GGZ,% mannen,% vrouwen,% Nederlanders,% Surinamers,% Turken,% Marokkanen,% Ned Ant en Arubanen,% Ned Indie en Indonesiers,% Polen,% Overige herkomst,Gem Leeftijd,% Jong,% Volwassen,% Oudere (65+),% Wanbetalers ZVW,% Gestorven binnen kalenderjaar
WK051802,Belgisch Park,518,'s-Gravenhage,Wijk  02 Belgisch Park,2010,0.09,294.3688,0.04,0.49,0.51,0.65,0.02,0.01,0.01,0.01,0.05,0.01,0.25,41.90,0.20,0.63,0.17,0.01,0.01
WK051803,Westbroekpark en Duttendel,518,'s-Gravenhage,Wijk  03 Westbroekpark en Duttendel,2010,0.26,340.6439,0.03,0.43,0.57,0.66,                 ,                 ,                 ,0.01,0.07,                 ,0.26,54.75,0.17,0.44,0.39,,0.04
WK051804,Benoordenhout,518,'s-Gravenhage,Wijk  04 Benoordenhout,2010,0.17,200.2484,0.04,0.46,0.54,0.62,0.01,0.00,0.00,0.01,0.08,0.00,0.29,46.28,0.22,0.53,0.26,0.00,0.02
WK051805,Archipelbuurt,518,'s-Gravenhage,Wijk  05 Archipelbuurt,2010,0.07,391.965,0.05,0.48,0.53,0.60,0.01,0.00,0.01,0.01,0.07,0.01,0.30,43.30,0.19,0.65,0.17,0.01,0.01
WK051806,Van Stolkpark en Scheveningse Bosjes,518,'s-Gravenhage,Wijk  06 Van Stolkpark en Scheveningse Bosjes,2010,0.20,159.8266,0.05,0.45,0.55,0.62,0.01,                 ,                 ,0.01,0.07,                 ,0.28,50.56,0.17,0.51,0.32,,0.02
WK051807,Scheveningen,518,'s-Gravenhage,Wijk  07 Scheveningen,2010,0.10,398.0271,0.06,0.49,0.51,0.73,0.02,0.00,0.01,0.01,0.04,0.01,0.19,43.23,0.17,0.65,0.18,0.02,0.01
WK051808,Duindorp,518,'s-Gravenhage,Wijk  08 Duindorp,2010,0.06,389.8088,0.07,0.51,0.49,0.87,0.01,0.00,0.01,0.01,0.02,0.01,0.09,39.71,0.22,0.65,0.13,0.03,0.01
WK051809,Geuzen- en Statenkwartier,518,'s-Gravenhage,Wijk  09 Geuzen- en Statenkwartier,2010,0.08,310.4203,0.05,0.47,0.53,0.66,0.01,0.01,0.00,0.01,0.05,0.01,0.25,41.56,0.22,0.61,0.17,0.01,0.01
WK051811,Duinoord,518,'s-Gravenhage,Wijk  11 Duinoord,2010,0.06,248.1548,0.04,0.48,0.52,0.63,0.03,0.00,0.01,0.01,0.07,0.01,0.24,39.13,0.19,0.69,0.12,0.01,0.01
WK051812,Bomen- en Bloemenbuurt,518,'s-Gravenhage,Wijk  12 Bomen- en Bloemenbuurt,2010,0.10,221.7264,0.05,0.46,0.54,0.72,0.03,0.01,0.00,0.01,0.07,0.01,0.15,43.17,0.19,0.62,0.19,0.01,0.01
WK051813,Vogelwijk,518,'s-Gravenhage,Wijk  13 Vogelwijk,2010,0.08,329.7408,0.03,0.49,0.51,0.75,0.01,                 ,                 ,0.01,0.07,0.00,0.15,41.82,0.29,0.54,0.17,,0.01
WK051814,Bohemen en Meer en Bos,518,'s-Gravenhage,Wijk  14 Bohemen en Meer en Bos,2010,0.20,194.1035,0.05,0.43,0.57,0.77,0.01,                 ,                 ,0.01,0.08,0.00,0.13,53.17,0.13,0.53,0.34,0.01,0.02
WK051815,Kijkduin en Ockenburgh,518,'s-Gravenhage,Wijk  15 Kijkduin en Ockenburgh,2010,0.11,3217.897,0.05,0.50,0.50,0.74,0.02,                 ,0.01,0.01,0.05,                 ,0.16,47.10,0.21,0.54,0.24,0.01,0.01
WK051816,Kraayenstein en de Uithof,518,'s-Gravenhage,Wijk  16 Kraayenstein en de Uithof,2010,0.08,2296.671,0.06,0.53,0.48,0.77,0.04,0.01,0.01,0.01,0.05,0.01,0.11,44.32,0.17,0.65,0.18,0.02,0.01
WK051817,Loosduinen,518,'s-Gravenhage,Wijk  17 Loosduinen,2010,0.11,281.145,0.06,0.48,0.52,0.74,0.05,0.03,0.02,0.01,0.04,0.01,0.10,44.67,0.20,0.60,0.20,0.02,0.01
WK051818,Waldeck,518,'s-Gravenhage,Wijk  18 Waldeck,2010,0.17,538.701,0.07,0.45,0.55,0.71,0.04,0.02,0.02,0.01,0.05,0.01,0.14,49.86,0.15,0.55,0.30,0.02,0.02
WK051819,Vruchtenbuurt,518,'s-Gravenhage,Wijk  19 Vruchtenbuurt,2010,0.07,223.6847,0.05,0.47,0.53,0.77,0.02,0.01,0.00,0.01,0.06,0.00,0.12,40.45,0.22,0.64,0.14,0.01,0.01
WK051820,Valkenboskwartier,518,'s-Gravenhage,Wijk  20 Valkenboskwartier,2010,0.03,344.5042,0.07,0.50,0.50,0.51,0.14,0.03,0.03,0.02,0.04,0.04,0.20,35.79,0.19,0.73,0.08,0.03,0.01
WK051821,Regentessekwartier,518,'s-Gravenhage,Wijk  21 Regentessekwartier,2010,0.02,505.4748,0.08,0.53,0.47,0.50,0.13,0.04,0.04,0.03,0.04,0.03,0.20,35.62,0.16,0.77,0.07,0.05,0.00
WK051822,Zeeheldenkwartier,518,'s-Gravenhage,Wijk  22 Zeeheldenkwartier,2010,0.03,474.0836,0.07,0.51,0.49,0.53,0.06,0.02,0.04,0.03,0.05,0.01,0.28,37.01,0.15,0.77,0.08,0.04,0.00
WK051823,Willemspark,518,'s-Gravenhage,Wijk  23 Willemspark,2010,0.05,327.3836,0.05,0.51,0.49,0.54,0.01,0.01,                 ,                 ,0.07,0.01,0.36,42.75,0.13,0.73,0.14,0.01,0.01
WK051825,Mariahoeve en Marlot,518,'s-Gravenhage,Wijk  25 Mariahoeve en Marlot,2010,0.15,327.9164,0.07,0.46,0.54,0.55,0.05,0.02,0.03,0.03,0.06,0.01,0.25,45.66,0.16,0.59,0.25,0.03,0.01
WK051826,Bezuidenhout,518,'s-Gravenhage,Wijk  26 Bezuidenhout,2010,0.05,282.2965,0.06,0.49,0.51,0.59,0.05,0.01,0.02,0.02,0.05,0.01,0.26,38.70,0.17,0.72,0.11,0.02,0.01
WK051827,Stationsbuurt,518,'s-Gravenhage,Wijk  27 Stationsbuurt,2010,0.03,491.2841,0.07,0.53,0.48,0.38,0.11,0.05,0.08,0.08,0.03,0.01,0.27,34.90,0.17,0.75,0.08,0.05,0.01
WK051828,Centrum,518,'s-Gravenhage,Wijk  28 Centrum,2010,0.04,380.6154,0.07,0.52,0.48,0.49,0.07,0.03,0.05,0.03,0.05,0.01,0.28,38.33,0.14,0.76,0.10,0.03,0.01
WK051829,Schildersbuurt,518,'s-Gravenhage,Wijk  29 Schildersbuurt,2010,0.02,326.8281,0.08,0.51,0.49,0.09,0.19,0.27,0.22,0.03,0.01,0.01,0.18,33.18,0.32,0.61,0.07,0.05,0.00
WK051830,Transvaalkwartier,518,'s-Gravenhage,Wijk  30 Transvaalkwartier,2010,0.03,261.7242,0.07,0.51,0.49,0.09,0.23,0.27,0.13,0.02,0.01,0.03,0.23,33.32,0.28,0.64,0.08,0.05,0.00
WK051831,Rustenburg en Oostbroek,518,'s-Gravenhage,Wijk  31 Rustenburg en Oostbroek,2010,0.03,199.1275,0.06,0.52,0.48,0.40,0.13,0.16,0.03,0.02,0.02,0.05,0.19,33.70,0.24,0.70,0.07,0.04,0.01
WK051832,Leyenburg,518,'s-Gravenhage,Wijk  32 Leyenburg,2010,0.11,256.6538,0.06,0.48,0.52,0.69,0.06,0.03,0.01,0.01,0.05,0.02,0.12,42.07,0.19,0.63,0.19,0.02,0.01
WK051833,Bouwlust en Vrederust,518,'s-Gravenhage,Wijk  33 Bouwlust en Vrederust,2010,0.10,388.2917,0.07,0.49,0.51,0.38,0.09,0.16,0.13,0.04,0.03,0.01,0.17,39.09,0.24,0.59,0.17,0.05,0.01
WK051834,Morgenstond,518,'s-Gravenhage,Wijk  34 Morgenstond,2010,0.09,522.1857,0.08,0.49,0.51,0.43,0.12,0.11,0.08,0.04,0.03,0.01,0.19,39.93,0.20,0.64,0.16,0.05,0.01
WK051836,Moerwijk,518,'s-Gravenhage,Wijk  36 Moerwijk,2010,0.08,524.6983,0.08,0.51,0.49,0.34,0.11,0.11,0.12,0.05,0.02,0.02,0.24,37.25,0.23,0.64,0.13,0.06,0.01
WK051837,Groente- en Fruitmarkt,518,'s-Gravenhage,Wijk  37 Groente- en Fruitmarkt,2010,0.01,255.1596,0.06,0.52,0.48,0.16,0.20,0.33,0.08,0.02,0.01,0.02,0.19,31.75,0.31,0.64,0.05,0.04,0.00
WK051838,Laakkwartier en Spoorwijk,518,'s-Gravenhage,Wijk  38 Laakkwartier en Spoorwijk,2010,0.03,309.425,0.07,0.51,0.49,0.30,0.17,0.08,0.09,0.05,0.02,0.04,0.24,34.05,0.24,0.69,0.08,0.05,0.01
WK051840,Wateringse Veld,518,'s-Gravenhage,Wijk  40 Wateringse Veld,2010,0.04,214.0705,0.05,0.49,0.51,0.63,0.11,0.06,0.03,0.02,0.04,0.00,0.11,34.80,0.32,0.61,0.08,0.02,0.01
WK051842,Ypenburg,518,'s-Gravenhage,Wijk  42 Ypenburg,2010,0.01,200.3765,0.05,0.50,0.50,0.64,0.10,0.03,0.02,0.02,0.03,0.01,0.15,31.94,0.34,0.62,0.04,0.02,0.00
WK051844,Leidschenveen,518,'s-Gravenhage,Wijk  44 Leidschenveen,2010,0.02,185.2738,0.05,0.50,0.50,0.65,0.12,0.03,0.03,0.02,0.03,0.00,0.12,32.77,0.33,0.62,0.06,0.01,0.00
WK051802,Belgisch Park,518,'s-Gravenhage,Wijk  02 Belgisch Park,2011,0.08,261.6936,0.05,0.50,0.51,0.65,0.02,0.00,0.01,0.01,0.05,0.01,0.26,41.67,0.20,0.62,0.18,0.01,0.01
WK051803,Westbroekpark en Duttendel,518,'s-Gravenhage,Wijk  03 Westbroekpark en Duttendel,2011,0.24,270.6922,0.05,0.43,0.57,0.67,0.01,                 ,                 ,0.01,0.07,                 ,0.25,54.36,0.17,0.44,0.40,,0.03
WK051804,Benoordenhout,518,'s-Gravenhage,Wijk  04 Benoordenhout,2011,0.16,180.6821,0.05,0.46,0.54,0.62,0.01,0.00,0.00,0.01,0.07,0.00,0.29,45.82,0.22,0.52,0.26,0.00,0.02
WK051805,Archipelbuurt,518,'s-Gravenhage,Wijk  05 Archipelbuurt,2011,0.07,303.7923,0.06,0.47,0.53,0.59,0.01,0.00,0.01,0.01,0.06,0.01,0.31,43.19,0.19,0.63,0.18,0.01,0.01
WK051806,Van Stolkpark en Scheveningse Bosjes,518,'s-Gravenhage,Wijk  06 Van Stolkpark en Scheveningse Bosjes,2011,0.20,238.3933,0.05,0.46,0.54,0.63,0.01,                 ,                 ,                 ,0.07,                 ,0.28,51.49,0.17,0.50,0.34,0.01,0.03
WK051807,Scheveningen,518,'s-Gravenhage,Wijk  07 Scheveningen,2011,0.10,296.0581,0.07,0.49,0.51,0.72,0.02,0.00,0.01,0.01,0.04,0.01,0.20,43.13,0.17,0.65,0.19,0.02,0.01
WK051808,Duindorp,518,'s-Gravenhage,Wijk  08 Duindorp,2011,0.06,437.5373,0.07,0.51,0.49,0.86,0.01,0.00,0.01,0.01,0.02,0.01,0.09,39.19,0.22,0.65,0.13,0.03,0.01
WK051809,Geuzen- en Statenkwartier,518,'s-Gravenhage,Wijk  09 Geuzen- en Statenkwartier,2011,0.08,193.5902,0.05,0.48,0.52,0.65,0.01,0.01,0.00,0.01,0.05,0.01,0.26,41.64,0.22,0.60,0.18,0.01,0.01
WK051811,Duinoord,518,'s-Gravenhage,Wijk  11 Duinoord,2011,0.06,240.5056,0.05,0.48,0.53,0.62,0.03,0.00,0.01,0.01,0.06,0.01,0.26,38.97,0.19,0.68,0.12,0.01,0.00
WK051812,Bomen- en Bloemenbuurt,518,'s-Gravenhage,Wijk  12 Bomen- en Bloemenbuurt,2011,0.10,235.0938,0.06,0.46,0.54,0.72,0.03,0.01,0.00,0.01,0.07,0.01,0.15,43.42,0.19,0.62,0.20,0.01,0.01
WK051813,Vogelwijk,518,'s-Gravenhage,Wijk  13 Vogelwijk,2011,0.08,326.625,0.04,0.49,0.51,0.75,0.01,0.00,                 ,0.01,0.07,                 ,0.16,42.01,0.29,0.53,0.18,,0.01
WK051814,Bohemen en Meer en Bos,518,'s-Gravenhage,Wijk  14 Bohemen en Meer en Bos,2011,0.19,304.0626,0.06,0.44,0.56,0.77,0.01,                 ,                 ,0.01,0.08,0.01,0.13,53.13,0.13,0.52,0.35,0.01,0.01
WK051815,Kijkduin en Ockenburgh,518,'s-Gravenhage,Wijk  15 Kijkduin en Ockenburgh,2011,0.11,2785.1028,0.07,0.51,0.50,0.73,0.02,                 ,0.01,0.01,0.05,                 ,0.17,46.94,0.22,0.53,0.26,0.01,0.01
WK051816,Kraayenstein en de Uithof,518,'s-Gravenhage,Wijk  16 Kraayenstein en de Uithof,2011,0.08,1808.3526,0.06,0.52,0.48,0.76,0.04,0.01,0.01,0.01,0.05,0.01,0.12,44.58,0.17,0.65,0.19,0.02,0.01
WK051817,Loosduinen,518,'s-Gravenhage,Wijk  17 Loosduinen,2011,0.11,309.8289,0.07,0.48,0.52,0.73,0.05,0.03,0.02,0.01,0.04,0.01,0.11,44.98,0.19,0.60,0.21,0.02,0.01
WK051818,Waldeck,518,'s-Gravenhage,Wijk  18 Waldeck,2011,0.17,414.2486,0.07,0.45,0.55,0.71,0.04,0.02,0.02,0.01,0.05,0.01,0.14,49.66,0.15,0.54,0.31,0.02,0.02
WK051819,Vruchtenbuurt,518,'s-Gravenhage,Wijk  19 Vruchtenbuurt,2011,0.07,232.1555,0.06,0.47,0.53,0.77,0.02,0.01,0.00,0.01,0.05,0.01,0.13,40.33,0.23,0.63,0.15,0.01,0.01
WK051820,Valkenboskwartier,518,'s-Gravenhage,Wijk  20 Valkenboskwartier,2011,0.03,353.3999,0.07,0.50,0.50,0.50,0.13,0.03,0.03,0.02,0.04,0.04,0.21,35.78,0.20,0.72,0.08,0.04,0.00
WK051821,Regentessekwartier,518,'s-Gravenhage,Wijk  21 Regentessekwartier,2011,0.02,514.0193,0.09,0.53,0.47,0.49,0.12,0.04,0.04,0.03,0.04,0.03,0.21,35.58,0.17,0.77,0.07,0.06,0.00
WK051822,Zeeheldenkwartier,518,'s-Gravenhage,Wijk  22 Zeeheldenkwartier,2011,0.03,438.1265,0.08,0.51,0.49,0.53,0.06,0.02,0.03,0.03,0.04,0.01,0.29,36.88,0.15,0.77,0.08,0.03,0.01
WK051823,Willemspark,518,'s-Gravenhage,Wijk  23 Willemspark,2011,0.05,205.5875,0.06,0.52,0.48,0.53,0.01,0.01,                 ,                 ,0.07,0.01,0.37,42.32,0.13,0.72,0.15,0.01,0.00
WK051825,Mariahoeve en Marlot,518,'s-Gravenhage,Wijk  25 Mariahoeve en Marlot,2011,0.15,356.8978,0.08,0.47,0.53,0.54,0.05,0.02,0.03,0.03,0.06,0.01,0.26,45.36,0.17,0.59,0.25,0.03,0.02
WK051826,Bezuidenhout,518,'s-Gravenhage,Wijk  26 Bezuidenhout,2011,0.05,277.6773,0.07,0.49,0.51,0.59,0.05,0.01,0.01,0.02,0.05,0.01,0.27,38.75,0.17,0.72,0.12,0.02,0.01
WK051827,Stationsbuurt,518,'s-Gravenhage,Wijk  27 Stationsbuurt,2011,0.03,463.9744,0.08,0.53,0.47,0.36,0.11,0.05,0.08,0.08,0.03,0.02,0.28,35.03,0.17,0.75,0.08,0.06,0.01
WK051828,Centrum,518,'s-Gravenhage,Wijk  28 Centrum,2011,0.04,374.5428,0.08,0.52,0.48,0.48,0.06,0.03,0.05,0.04,0.05,0.01,0.29,38.30,0.14,0.76,0.10,0.04,0.01
WK051829,Schildersbuurt,518,'s-Gravenhage,Wijk  29 Schildersbuurt,2011,0.02,294.0329,0.08,0.51,0.50,0.09,0.18,0.27,0.22,0.03,0.01,0.01,0.19,33.47,0.31,0.62,0.08,0.05,0.01
WK051830,Transvaalkwartier,518,'s-Gravenhage,Wijk  30 Transvaalkwartier,2011,0.03,242.0932,0.07,0.51,0.49,0.08,0.23,0.28,0.12,0.03,0.01,0.03,0.23,33.45,0.28,0.64,0.08,0.05,0.00
WK051831,Rustenburg en Oostbroek,518,'s-Gravenhage,Wijk  31 Rustenburg en Oostbroek,2011,0.03,257.6696,0.07,0.52,0.48,0.39,0.13,0.15,0.03,0.02,0.02,0.05,0.20,33.80,0.24,0.69,0.07,0.04,0.00
WK051832,Leyenburg,518,'s-Gravenhage,Wijk  32 Leyenburg,2011,0.11,285.1558,0.07,0.48,0.52,0.69,0.06,0.03,0.02,0.01,0.05,0.02,0.12,42.21,0.19,0.62,0.19,0.02,0.01
WK051833,Bouwlust en Vrederust,518,'s-Gravenhage,Wijk  33 Bouwlust en Vrederust,2011,0.10,328.3612,0.08,0.49,0.51,0.37,0.10,0.16,0.13,0.04,0.03,0.01,0.17,39.02,0.24,0.58,0.17,0.05,0.01
WK051834,Morgenstond,518,'s-Gravenhage,Wijk  34 Morgenstond,2011,0.08,431.6623,0.09,0.50,0.50,0.41,0.12,0.11,0.08,0.04,0.03,0.01,0.19,39.49,0.20,0.64,0.16,0.05,0.01
WK051836,Moerwijk,518,'s-Gravenhage,Wijk  36 Moerwijk,2011,0.07,457.3084,0.09,0.52,0.48,0.32,0.11,0.11,0.12,0.05,0.02,0.02,0.25,37.09,0.23,0.64,0.13,0.06,0.01
WK051837,Groente- en Fruitmarkt,518,'s-Gravenhage,Wijk  37 Groente- en Fruitmarkt,2011,0.01,213.1362,0.07,0.52,0.48,0.14,0.19,0.35,0.08,0.02,0.01,0.02,0.19,32.11,0.31,0.64,0.05,0.05,0.00
WK051838,Laakkwartier en Spoorwijk,518,'s-Gravenhage,Wijk  38 Laakkwartier en Spoorwijk,2011,0.03,271.7334,0.07,0.51,0.49,0.29,0.17,0.08,0.09,0.05,0.02,0.05,0.25,34.12,0.24,0.69,0.08,0.05,0.01
WK051840,Wateringse Veld,518,'s-Gravenhage,Wijk  40 Wateringse Veld,2011,0.04,203.6129,0.06,0.50,0.51,0.63,0.11,0.06,0.03,0.02,0.04,0.01,0.11,35.04,0.31,0.61,0.08,0.02,0.01
WK051842,Ypenburg,518,'s-Gravenhage,Wijk  42 Ypenburg,2011,0.01,220.6483,0.06,0.50,0.50,0.63,0.10,0.03,0.02,0.02,0.03,0.01,0.16,32.31,0.34,0.62,0.05,0.02,0.00
WK051844,Leidschenveen,518,'s-Gravenhage,Wijk  44 Leidschenveen,2011,0.02,179.026,0.06,0.50,0.50,0.64,0.12,0.03,0.03,0.02,0.03,0.00,0.13,33.11,0.32,0.62,0.06,0.02,0.00
WK051802,Belgisch Park,518,'s-Gravenhage,Wijk  02 Belgisch Park,2012,0.08,239.7138,0.04,0.50,0.50,0.65,0.02,0.01,0.01,0.01,0.05,0.01,0.26,41.86,0.20,0.61,0.19,0.01,0.01
WK051803,Westbroekpark en Duttendel,518,'s-Gravenhage,Wijk  03 Westbroekpark en Duttendel,2012,0.25,171.3246,0.04,0.43,0.57,0.68,0.01,                 ,                 ,0.01,0.07,                 ,0.23,55.05,0.17,0.42,0.41,,0.03
WK051804,Benoordenhout,518,'s-Gravenhage,Wijk  04 Benoordenhout,2012,0.16,149.7438,0.04,0.46,0.54,0.61,0.01,0.00,0.00,0.01,0.07,0.01,0.29,45.75,0.22,0.51,0.27,0.00,0.02
WK051805,Archipelbuurt,518,'s-Gravenhage,Wijk  05 Archipelbuurt,2012,0.07,236.1841,0.05,0.47,0.53,0.58,0.01,0.00,0.01,0.01,0.06,0.01,0.32,43.19,0.19,0.62,0.19,0.01,0.01
WK051806,Van Stolkpark en Scheveningse Bosjes,518,'s-Gravenhage,Wijk  06 Van Stolkpark en Scheveningse Bosjes,2012,0.20,189.8846,0.03,0.45,0.55,0.62,0.01,                 ,                 ,                 ,0.07,                 ,0.29,51.44,0.17,0.49,0.34,,0.03
WK051807,Scheveningen,518,'s-Gravenhage,Wijk  07 Scheveningen,2012,0.09,286.7676,0.05,0.49,0.51,0.71,0.02,0.01,0.01,0.01,0.04,0.01,0.21,42.94,0.17,0.64,0.19,0.02,0.01
WK051808,Duindorp,518,'s-Gravenhage,Wijk  08 Duindorp,2012,0.06,306.4085,0.06,0.51,0.50,0.85,0.01,0.00,0.01,0.01,0.02,0.01,0.09,39.16,0.22,0.64,0.13,0.04,0.01
WK051809,Geuzen- en Statenkwartier,518,'s-Gravenhage,Wijk  09 Geuzen- en Statenkwartier,2012,0.08,197.7513,0.04,0.48,0.53,0.64,0.01,0.00,0.00,0.01,0.05,0.01,0.27,41.60,0.23,0.59,0.18,0.01,0.01
WK051811,Duinoord,518,'s-Gravenhage,Wijk  11 Duinoord,2012,0.05,269.2127,0.05,0.48,0.52,0.62,0.03,0.00,0.01,0.01,0.06,0.01,0.27,38.84,0.20,0.68,0.12,0.01,0.01
WK051812,Bomen- en Bloemenbuurt,518,'s-Gravenhage,Wijk  12 Bomen- en Bloemenbuurt,2012,0.10,167.717,0.05,0.46,0.54,0.72,0.03,0.01,0.01,0.01,0.07,0.01,0.16,43.39,0.19,0.61,0.20,0.01,0.01
WK051813,Vogelwijk,518,'s-Gravenhage,Wijk  13 Vogelwijk,2012,0.08,166.97,0.04,0.48,0.52,0.74,0.01,0.00,                 ,0.01,0.07,                 ,0.16,42.10,0.29,0.52,0.19,,0.01
WK051814,Bohemen en Meer en Bos,518,'s-Gravenhage,Wijk  14 Bohemen en Meer en Bos,2012,0.19,200.4212,0.04,0.44,0.57,0.76,0.01,                 ,                 ,0.01,0.08,0.01,0.14,53.18,0.13,0.51,0.36,0.01,0.02
WK051815,Kijkduin en Ockenburgh,518,'s-Gravenhage,Wijk  15 Kijkduin en Ockenburgh,2012,0.11,2515.546,0.06,0.50,0.50,0.74,0.02,                 ,0.01,0.01,0.04,                 ,0.16,47.52,0.21,0.51,0.28,0.02,0.01
WK051816,Kraayenstein en de Uithof,518,'s-Gravenhage,Wijk  16 Kraayenstein en de Uithof,2012,0.08,1154.7253,0.05,0.52,0.48,0.75,0.04,0.01,0.01,0.01,0.05,0.01,0.13,44.30,0.18,0.64,0.19,0.02,0.01
WK051817,Loosduinen,518,'s-Gravenhage,Wijk  17 Loosduinen,2012,0.11,290.9838,0.06,0.48,0.52,0.72,0.06,0.03,0.03,0.01,0.04,0.01,0.11,45.18,0.19,0.60,0.22,0.02,0.01
WK051818,Waldeck,518,'s-Gravenhage,Wijk  18 Waldeck,2012,0.17,309.4372,0.06,0.45,0.55,0.70,0.04,0.02,0.02,0.01,0.05,0.01,0.14,49.58,0.15,0.54,0.31,0.02,0.02
WK051819,Vruchtenbuurt,518,'s-Gravenhage,Wijk  19 Vruchtenbuurt,2012,0.07,184.9465,0.05,0.47,0.53,0.76,0.02,0.01,0.00,0.01,0.05,0.01,0.13,40.53,0.22,0.63,0.15,0.01,0.01
WK051820,Valkenboskwartier,518,'s-Gravenhage,Wijk  20 Valkenboskwartier,2012,0.03,282.3323,0.06,0.50,0.50,0.50,0.13,0.03,0.03,0.02,0.04,0.04,0.21,35.92,0.19,0.72,0.08,0.04,0.01
WK051821,Regentessekwartier,518,'s-Gravenhage,Wijk  21 Regentessekwartier,2012,0.02,356.1741,0.07,0.52,0.48,0.49,0.12,0.04,0.04,0.03,0.04,0.03,0.22,35.79,0.17,0.77,0.07,0.05,0.00
WK051822,Zeeheldenkwartier,518,'s-Gravenhage,Wijk  22 Zeeheldenkwartier,2012,0.03,417.5816,0.07,0.51,0.50,0.52,0.05,0.02,0.03,0.02,0.04,0.01,0.30,36.83,0.16,0.76,0.08,0.03,0.01
WK051823,Willemspark,518,'s-Gravenhage,Wijk  23 Willemspark,2012,0.05,145.0119,0.05,0.51,0.49,0.53,0.01,                 ,                 ,0.01,0.07,0.01,0.37,42.53,0.13,0.71,0.16,0.01,0.00
WK051825,Mariahoeve en Marlot,518,'s-Gravenhage,Wijk  25 Mariahoeve en Marlot,2012,0.14,317.8531,0.06,0.47,0.53,0.54,0.05,0.02,0.03,0.03,0.05,0.01,0.26,44.94,0.17,0.58,0.25,0.03,0.01
WK051826,Bezuidenhout,518,'s-Gravenhage,Wijk  26 Bezuidenhout,2012,0.05,255.1207,0.05,0.49,0.51,0.58,0.04,0.01,0.02,0.02,0.05,0.01,0.28,38.60,0.17,0.71,0.12,0.02,0.01
WK051827,Stationsbuurt,518,'s-Gravenhage,Wijk  27 Stationsbuurt,2012,0.04,361.2589,0.07,0.53,0.47,0.35,0.10,0.06,0.08,0.08,0.03,0.02,0.29,35.09,0.18,0.74,0.09,0.05,0.01
WK051828,Centrum,518,'s-Gravenhage,Wijk  28 Centrum,2012,0.04,302.8527,0.07,0.52,0.48,0.48,0.06,0.02,0.05,0.04,0.05,0.01,0.30,38.35,0.14,0.76,0.11,0.04,0.00
WK051829,Schildersbuurt,518,'s-Gravenhage,Wijk  29 Schildersbuurt,2012,0.02,239.5134,0.07,0.51,0.50,0.09,0.18,0.27,0.22,0.03,0.01,0.01,0.19,33.74,0.30,0.62,0.08,0.05,0.00
WK051830,Transvaalkwartier,518,'s-Gravenhage,Wijk  30 Transvaalkwartier,2012,0.03,215.2855,0.06,0.52,0.48,0.09,0.22,0.28,0.12,0.02,0.01,0.03,0.24,33.60,0.28,0.64,0.08,0.06,0.00
WK051831,Rustenburg en Oostbroek,518,'s-Gravenhage,Wijk  31 Rustenburg en Oostbroek,2012,0.03,214.2996,0.06,0.51,0.49,0.39,0.13,0.15,0.03,0.02,0.02,0.06,0.20,33.98,0.24,0.69,0.08,0.05,0.01
WK051832,Leyenburg,518,'s-Gravenhage,Wijk  32 Leyenburg,2012,0.11,226.9839,0.05,0.48,0.52,0.68,0.06,0.03,0.02,0.01,0.05,0.02,0.13,42.21,0.19,0.62,0.19,0.03,0.01
WK051833,Bouwlust en Vrederust,518,'s-Gravenhage,Wijk  33 Bouwlust en Vrederust,2012,0.10,328.5965,0.06,0.49,0.51,0.35,0.10,0.16,0.13,0.04,0.02,0.02,0.17,38.99,0.24,0.58,0.17,0.05,0.01
WK051834,Morgenstond,518,'s-Gravenhage,Wijk  34 Morgenstond,2012,0.08,393.9835,0.08,0.50,0.50,0.40,0.13,0.12,0.09,0.04,0.03,0.01,0.20,39.27,0.21,0.64,0.15,0.05,0.01
WK051836,Moerwijk,518,'s-Gravenhage,Wijk  36 Moerwijk,2012,0.07,356.0415,0.08,0.52,0.48,0.31,0.11,0.12,0.12,0.05,0.02,0.02,0.25,36.86,0.23,0.64,0.12,0.06,0.01
WK051837,Groente- en Fruitmarkt,518,'s-Gravenhage,Wijk  37 Groente- en Fruitmarkt,2012,0.01,142.2946,0.05,0.52,0.48,0.14,0.18,0.36,0.08,0.02,0.01,0.02,0.20,32.17,0.30,0.64,0.05,0.05,0.00
WK051838,Laakkwartier en Spoorwijk,518,'s-Gravenhage,Wijk  38 Laakkwartier en Spoorwijk,2012,0.03,239.8119,0.06,0.51,0.49,0.28,0.16,0.08,0.09,0.05,0.02,0.06,0.26,34.09,0.24,0.68,0.08,0.06,0.00
WK051840,Wateringse Veld,518,'s-Gravenhage,Wijk  40 Wateringse Veld,2012,0.04,202.8514,0.05,0.50,0.50,0.61,0.11,0.06,0.04,0.02,0.04,0.01,0.12,35.50,0.31,0.61,0.09,0.02,0.01
WK051842,Ypenburg,518,'s-Gravenhage,Wijk  42 Ypenburg,2012,0.01,201.705,0.05,0.50,0.50,0.63,0.10,0.03,0.02,0.02,0.03,0.01,0.16,32.76,0.33,0.62,0.05,0.02,0.00
WK051844,Leidschenveen,518,'s-Gravenhage,Wijk  44 Leidschenveen,2012,0.03,158.7306,0.05,0.50,0.50,0.64,0.12,0.03,0.03,0.02,0.03,0.00,0.13,33.54,0.33,0.61,0.07,0.02,0.00
WK051802,Belgisch Park,518,'s-Gravenhage,Wijk  02 Belgisch Park,2013,0.09,248.7916,0.03,0.50,0.50,0.65,0.02,0.01,0.01,0.01,0.05,0.01,0.26,42.00,0.21,0.60,0.19,0.02,0.01
WK051803,Westbroekpark en Duttendel,518,'s-Gravenhage,Wijk  03 Westbroekpark en Duttendel,2013,0.25,275.0354,0.03,0.44,0.56,0.68,                 ,                 ,                 ,0.01,0.07,                 ,0.24,54.92,0.17,0.42,0.42,0.01,0.03
WK051804,Benoordenhout,518,'s-Gravenhage,Wijk  04 Benoordenhout,2013,0.15,232.9975,0.04,0.47,0.53,0.60,0.01,0.00,0.00,0.01,0.07,0.01,0.30,45.54,0.22,0.52,0.26,0.00,0.02
WK051805,Archipelbuurt,518,'s-Gravenhage,Wijk  05 Archipelbuurt,2013,0.07,292.189,0.05,0.47,0.53,0.58,0.01,0.00,0.00,0.01,0.06,0.01,0.32,43.48,0.19,0.62,0.20,0.01,0.01
WK051806,Van Stolkpark en Scheveningse Bosjes,518,'s-Gravenhage,Wijk  06 Van Stolkpark en Scheveningse Bosjes,2013,0.19,260.1776,0.04,0.47,0.53,0.61,                 ,                 ,                 ,                 ,0.07,                 ,0.31,51.32,0.17,0.49,0.35,,0.03
WK051807,Scheveningen,518,'s-Gravenhage,Wijk  07 Scheveningen,2013,0.09,285.2362,0.05,0.49,0.51,0.70,0.02,0.01,0.01,0.01,0.04,0.01,0.21,42.78,0.18,0.63,0.19,0.02,0.01
WK051808,Duindorp,518,'s-Gravenhage,Wijk  08 Duindorp,2013,0.05,338.0584,0.05,0.50,0.50,0.84,0.01,0.00,0.01,0.01,0.02,0.01,0.10,39.23,0.23,0.64,0.14,0.03,0.01
WK051809,Geuzen- en Statenkwartier,518,'s-Gravenhage,Wijk  09 Geuzen- en Statenkwartier,2013,0.08,184.4721,0.04,0.48,0.52,0.63,0.01,0.00,0.01,0.01,0.05,0.01,0.28,41.68,0.23,0.59,0.18,0.01,0.01
WK051811,Duinoord,518,'s-Gravenhage,Wijk  11 Duinoord,2013,0.05,267.4406,0.05,0.48,0.52,0.61,0.03,0.00,0.00,0.01,0.06,0.01,0.27,38.75,0.20,0.68,0.12,0.01,0.01
WK051812,Bomen- en Bloemenbuurt,518,'s-Gravenhage,Wijk  12 Bomen- en Bloemenbuurt,2013,0.10,207.1004,0.05,0.46,0.54,0.71,0.03,0.01,0.01,0.01,0.07,0.01,0.16,43.28,0.20,0.60,0.20,0.01,0.01
WK051813,Vogelwijk,518,'s-Gravenhage,Wijk  13 Vogelwijk,2013,0.08,245.9703,0.04,0.48,0.52,0.74,0.01,                 ,                 ,0.01,0.07,0.00,0.17,42.32,0.29,0.51,0.20,,0.01
WK051814,Bohemen en Meer en Bos,518,'s-Gravenhage,Wijk  14 Bohemen en Meer en Bos,2013,0.19,181.0011,0.04,0.44,0.56,0.75,0.02,                 ,                 ,0.01,0.08,0.01,0.14,52.83,0.14,0.51,0.36,0.01,0.02
WK051815,Kijkduin en Ockenburgh,518,'s-Gravenhage,Wijk  15 Kijkduin en Ockenburgh,2013,0.12,2932.4681,0.05,0.50,0.50,0.74,0.02,                 ,0.01,0.01,0.04,                 ,0.17,47.86,0.22,0.50,0.29,0.01,0.01
WK051816,Kraayenstein en de Uithof,518,'s-Gravenhage,Wijk  16 Kraayenstein en de Uithof,2013,0.08,1396.4512,0.05,0.52,0.48,0.75,0.04,0.01,0.01,0.01,0.04,0.01,0.13,44.43,0.18,0.63,0.19,0.03,0.01
WK051817,Loosduinen,518,'s-Gravenhage,Wijk  17 Loosduinen,2013,0.11,325.785,0.05,0.48,0.52,0.71,0.06,0.03,0.03,0.01,0.04,0.02,0.11,45.41,0.19,0.59,0.22,0.02,0.01
WK051818,Waldeck,518,'s-Gravenhage,Wijk  18 Waldeck,2013,0.17,439.8037,0.05,0.45,0.55,0.70,0.04,0.02,0.02,0.02,0.05,0.01,0.14,49.61,0.15,0.53,0.32,0.02,0.02
WK051819,Vruchtenbuurt,518,'s-Gravenhage,Wijk  19 Vruchtenbuurt,2013,0.07,223.5473,0.05,0.47,0.53,0.76,0.02,0.01,0.00,0.01,0.05,0.01,0.14,40.50,0.23,0.62,0.15,0.01,0.01
WK051820,Valkenboskwartier,518,'s-Gravenhage,Wijk  20 Valkenboskwartier,2013,0.03,308.9264,0.06,0.50,0.50,0.50,0.12,0.03,0.03,0.02,0.04,0.04,0.22,35.97,0.20,0.72,0.09,0.04,0.00
WK051821,Regentessekwartier,518,'s-Gravenhage,Wijk  21 Regentessekwartier,2013,0.03,543.6155,0.06,0.52,0.48,0.49,0.12,0.04,0.04,0.03,0.04,0.03,0.22,35.93,0.17,0.76,0.08,0.05,0.00
WK051822,Zeeheldenkwartier,518,'s-Gravenhage,Wijk  22 Zeeheldenkwartier,2013,0.03,525.209,0.06,0.50,0.50,0.52,0.05,0.02,0.03,0.02,0.04,0.01,0.30,36.96,0.16,0.76,0.08,0.03,0.00
WK051823,Willemspark,518,'s-Gravenhage,Wijk  23 Willemspark,2013,0.05,215.0002,0.04,0.51,0.49,0.51,0.01,0.01,                 ,                 ,0.07,0.01,0.39,42.40,0.13,0.71,0.16,0.01,0.01
WK051825,Mariahoeve en Marlot,518,'s-Gravenhage,Wijk  25 Mariahoeve en Marlot,2013,0.13,304.1676,0.06,0.48,0.53,0.52,0.05,0.02,0.03,0.03,0.05,0.01,0.28,44.35,0.17,0.59,0.24,0.04,0.01
WK051826,Bezuidenhout,518,'s-Gravenhage,Wijk  26 Bezuidenhout,2013,0.05,285.7479,0.05,0.49,0.51,0.56,0.04,0.01,0.02,0.02,0.05,0.01,0.30,37.85,0.18,0.70,0.12,0.02,0.01
WK051827,Stationsbuurt,518,'s-Gravenhage,Wijk  27 Stationsbuurt,2013,0.03,381.0547,0.05,0.52,0.48,0.34,0.10,0.05,0.07,0.09,0.03,0.02,0.31,34.38,0.18,0.74,0.08,0.05,0.01
WK051828,Centrum,518,'s-Gravenhage,Wijk  28 Centrum,2013,0.04,325.2266,0.06,0.52,0.48,0.47,0.06,0.03,0.05,0.03,0.05,0.01,0.31,38.42,0.13,0.76,0.11,0.04,0.00
WK051829,Schildersbuurt,518,'s-Gravenhage,Wijk  29 Schildersbuurt,2013,0.03,267.285,0.05,0.51,0.50,0.09,0.18,0.27,0.22,0.03,0.01,0.01,0.20,34.18,0.30,0.62,0.08,0.05,0.00
WK051830,Transvaalkwartier,518,'s-Gravenhage,Wijk  30 Transvaalkwartier,2013,0.03,248.6909,0.05,0.51,0.49,0.08,0.22,0.27,0.13,0.02,0.01,0.03,0.24,33.69,0.28,0.64,0.08,0.06,0.01
WK051831,Rustenburg en Oostbroek,518,'s-Gravenhage,Wijk  31 Rustenburg en Oostbroek,2013,0.03,269.2472,0.05,0.51,0.49,0.38,0.13,0.15,0.03,0.02,0.02,0.07,0.21,34.22,0.24,0.68,0.08,0.05,0.00
WK051832,Leyenburg,518,'s-Gravenhage,Wijk  32 Leyenburg,2013,0.10,269.5148,0.05,0.48,0.52,0.68,0.06,0.04,0.02,0.01,0.05,0.02,0.13,42.17,0.19,0.62,0.19,0.02,0.01
WK051833,Bouwlust en Vrederust,518,'s-Gravenhage,Wijk  33 Bouwlust en Vrederust,2013,0.09,358.102,0.05,0.49,0.51,0.34,0.10,0.17,0.13,0.04,0.02,0.02,0.18,38.92,0.25,0.58,0.17,0.05,0.01
WK051834,Morgenstond,518,'s-Gravenhage,Wijk  34 Morgenstond,2013,0.08,470.3535,0.06,0.50,0.50,0.39,0.13,0.12,0.09,0.03,0.03,0.02,0.20,39.02,0.21,0.64,0.15,0.05,0.01
WK051836,Moerwijk,518,'s-Gravenhage,Wijk  36 Moerwijk,2013,0.06,388.7728,0.06,0.52,0.48,0.30,0.11,0.12,0.12,0.05,0.02,0.02,0.26,36.79,0.24,0.64,0.12,0.07,0.01
WK051837,Groente- en Fruitmarkt,518,'s-Gravenhage,Wijk  37 Groente- en Fruitmarkt,2013,0.01,268.8649,0.05,0.52,0.48,0.14,0.18,0.37,0.08,0.02,0.01,0.02,0.20,32.47,0.30,0.65,0.06,0.05,0.00
WK051838,Laakkwartier en Spoorwijk,518,'s-Gravenhage,Wijk  38 Laakkwartier en Spoorwijk,2013,0.03,308.4326,0.05,0.51,0.49,0.27,0.16,0.08,0.09,0.05,0.02,0.07,0.26,34.26,0.24,0.69,0.08,0.06,0.00
WK051840,Wateringse Veld,518,'s-Gravenhage,Wijk  40 Wateringse Veld,2013,0.04,204.719,0.04,0.50,0.50,0.61,0.11,0.06,0.04,0.02,0.03,0.01,0.12,35.91,0.30,0.61,0.09,0.02,0.01
WK051842,Ypenburg,518,'s-Gravenhage,Wijk  42 Ypenburg,2013,0.01,229.5734,0.05,0.50,0.50,0.62,0.10,0.04,0.03,0.02,0.03,0.01,0.17,33.24,0.33,0.62,0.06,0.02,0.00
WK051844,Leidschenveen,518,'s-Gravenhage,Wijk  44 Leidschenveen,2013,0.03,169.2816,0.05,0.50,0.50,0.63,0.12,0.03,0.03,0.02,0.03,0.01,0.13,34.05,0.32,0.61,0.07,0.02,0.00
WK051802,Belgisch Park,518,'s-Gravenhage,Wijk  02 Belgisch Park,2014,0.08,154.0912,0.04,0.50,0.50,0.64,0.02,0.01,0.01,0.01,0.05,0.01,0.26,41.89,0.21,0.60,0.19,0.02,0.01
WK051803,Westbroekpark en Duttendel,518,'s-Gravenhage,Wijk  03 Westbroekpark en Duttendel,2014,0.21,244.7748,0.04,0.45,0.55,0.65,0.01,                 ,                 ,0.01,0.07,                 ,0.26,52.96,0.18,0.43,0.39,,0.03
WK051804,Benoordenhout,518,'s-Gravenhage,Wijk  04 Benoordenhout,2014,0.15,142.9856,0.04,0.47,0.53,0.60,0.01,0.00,0.00,0.01,0.07,0.01,0.31,45.46,0.22,0.52,0.26,0.00,0.01
WK051805,Archipelbuurt,518,'s-Gravenhage,Wijk  05 Archipelbuurt,2014,0.07,396.4764,0.06,0.47,0.53,0.58,0.02,0.00,0.00,0.01,0.06,0.01,0.32,43.80,0.19,0.61,0.21,0.01,0.01
WK051806,Van Stolkpark en Scheveningse Bosjes,518,'s-Gravenhage,Wijk  06 Van Stolkpark en Scheveningse Bosjes,2014,0.17,419.5202,0.05,0.47,0.53,0.58,                 ,                 ,                 ,0.01,0.06,0.01,0.33,49.81,0.18,0.50,0.32,0.01,0.02
WK051807,Scheveningen,518,'s-Gravenhage,Wijk  07 Scheveningen,2014,0.09,300.0748,0.06,0.49,0.51,0.70,0.02,0.01,0.01,0.01,0.03,0.01,0.21,42.85,0.17,0.63,0.20,0.02,0.01
WK051808,Duindorp,518,'s-Gravenhage,Wijk  08 Duindorp,2014,0.05,360.6422,0.07,0.50,0.50,0.84,0.01,0.00,0.01,0.01,0.02,0.01,0.10,39.12,0.23,0.63,0.14,0.04,0.01
WK051809,Geuzen- en Statenkwartier,518,'s-Gravenhage,Wijk  09 Geuzen- en Statenkwartier,2014,0.08,192.0059,0.05,0.47,0.53,0.62,0.02,0.00,0.01,0.01,0.05,0.01,0.30,41.46,0.23,0.59,0.18,0.01,0.01
WK051811,Duinoord,518,'s-Gravenhage,Wijk  11 Duinoord,2014,0.05,414.6467,0.07,0.52,0.48,0.58,0.04,0.01,0.02,0.02,0.05,0.01,0.27,38.64,0.18,0.70,0.12,0.04,0.01
WK051812,Bomen- en Bloemenbuurt,518,'s-Gravenhage,Wijk  12 Bomen- en Bloemenbuurt,2014,0.10,228.3297,0.06,0.46,0.54,0.71,0.03,0.01,0.01,0.01,0.07,0.01,0.17,43.26,0.20,0.60,0.20,0.01,0.01
WK051813,Vogelwijk,518,'s-Gravenhage,Wijk  13 Vogelwijk,2014,0.08,164.7553,0.05,0.48,0.52,0.73,0.01,                 ,                 ,0.01,0.07,0.01,0.17,42.43,0.29,0.51,0.20,0.00,0.01
WK051814,Bohemen en Meer en Bos,518,'s-Gravenhage,Wijk  14 Bohemen en Meer en Bos,2014,0.19,201.6246,0.05,0.44,0.56,0.75,0.02,                 ,                 ,0.01,0.07,0.01,0.14,53.13,0.13,0.51,0.37,0.01,0.02
WK051815,Kijkduin en Ockenburgh,518,'s-Gravenhage,Wijk  15 Kijkduin en Ockenburgh,2014,0.13,1967.4768,0.06,0.50,0.50,0.73,0.02,                 ,0.01,0.01,0.05,                 ,0.17,48.84,0.20,0.49,0.31,,0.01
WK051816,Kraayenstein en de Uithof,518,'s-Gravenhage,Wijk  16 Kraayenstein en de Uithof,2014,0.08,1335.825,0.07,0.52,0.48,0.74,0.04,0.01,0.01,0.01,0.04,0.01,0.14,44.56,0.18,0.63,0.20,0.03,0.01
WK051817,Loosduinen,518,'s-Gravenhage,Wijk  17 Loosduinen,2014,0.11,304.2583,0.06,0.48,0.52,0.71,0.06,0.03,0.03,0.01,0.03,0.02,0.11,45.50,0.19,0.59,0.23,0.02,0.01
WK051818,Waldeck,518,'s-Gravenhage,Wijk  18 Waldeck,2014,0.18,344.4981,0.07,0.46,0.54,0.69,0.04,0.02,0.02,0.02,0.05,0.01,0.14,49.95,0.15,0.53,0.33,0.03,0.02
WK051819,Vruchtenbuurt,518,'s-Gravenhage,Wijk  19 Vruchtenbuurt,2014,0.07,194.9776,0.06,0.47,0.53,0.76,0.03,0.01,0.00,0.01,0.05,0.01,0.14,40.47,0.23,0.62,0.15,0.01,0.01
WK051820,Valkenboskwartier,518,'s-Gravenhage,Wijk  20 Valkenboskwartier,2014,0.03,273.68,0.07,0.50,0.51,0.50,0.12,0.03,0.03,0.02,0.04,0.05,0.22,36.25,0.20,0.72,0.09,0.04,0.00
WK051821,Regentessekwartier,518,'s-Gravenhage,Wijk  21 Regentessekwartier,2014,0.03,364.208,0.07,0.50,0.50,0.51,0.11,0.03,0.04,0.03,0.04,0.03,0.22,36.57,0.17,0.74,0.09,0.04,0.01
WK051822,Zeeheldenkwartier,518,'s-Gravenhage,Wijk  22 Zeeheldenkwartier,2014,0.03,489.2343,0.08,0.51,0.50,0.53,0.05,0.02,0.04,0.03,0.04,0.01,0.28,37.06,0.16,0.75,0.09,0.03,0.01
WK051823,Willemspark,518,'s-Gravenhage,Wijk  23 Willemspark,2014,0.05,221.4019,0.05,0.51,0.49,0.50,0.01,                 ,                 ,0.01,0.06,0.01,0.40,41.70,0.14,0.70,0.16,0.01,0.01
WK051825,Mariahoeve en Marlot,518,'s-Gravenhage,Wijk  25 Mariahoeve en Marlot,2014,0.13,352.397,0.07,0.48,0.52,0.50,0.05,0.02,0.03,0.03,0.05,0.01,0.30,43.88,0.17,0.59,0.23,0.03,0.01
WK051826,Bezuidenhout,518,'s-Gravenhage,Wijk  26 Bezuidenhout,2014,0.05,232.8589,0.06,0.49,0.51,0.54,0.04,0.01,0.02,0.02,0.04,0.01,0.32,37.57,0.18,0.70,0.11,0.02,0.00
WK051827,Stationsbuurt,518,'s-Gravenhage,Wijk  27 Stationsbuurt,2014,0.03,345.8409,0.06,0.52,0.49,0.32,0.09,0.05,0.07,0.09,0.03,0.02,0.33,33.66,0.18,0.75,0.07,0.06,0.00
WK051828,Centrum,518,'s-Gravenhage,Wijk  28 Centrum,2014,0.04,334.0593,0.07,0.52,0.48,0.46,0.06,0.03,0.05,0.03,0.04,0.01,0.31,38.50,0.14,0.75,0.11,0.04,0.01
WK051829,Schildersbuurt,518,'s-Gravenhage,Wijk  29 Schildersbuurt,2014,0.03,292.6457,0.07,0.50,0.50,0.09,0.17,0.27,0.22,0.03,0.01,0.01,0.20,34.52,0.29,0.62,0.09,0.06,0.01
WK051830,Transvaalkwartier,518,'s-Gravenhage,Wijk  30 Transvaalkwartier,2014,0.03,242.3192,0.06,0.51,0.49,0.08,0.21,0.28,0.13,0.02,0.01,0.04,0.24,33.85,0.28,0.63,0.08,0.06,0.01
WK051831,Rustenburg en Oostbroek,518,'s-Gravenhage,Wijk  31 Rustenburg en Oostbroek,2014,0.03,238.2368,0.06,0.51,0.49,0.37,0.12,0.14,0.03,0.02,0.02,0.07,0.22,34.29,0.24,0.69,0.08,0.05,0.00
WK051832,Leyenburg,518,'s-Gravenhage,Wijk  32 Leyenburg,2014,0.10,260.4593,0.06,0.48,0.52,0.67,0.06,0.04,0.02,0.01,0.05,0.02,0.13,42.28,0.19,0.62,0.19,0.03,0.01
WK051833,Bouwlust en Vrederust,518,'s-Gravenhage,Wijk  33 Bouwlust en Vrederust,2014,0.09,311.7573,0.07,0.49,0.51,0.33,0.10,0.17,0.13,0.04,0.02,0.03,0.18,38.99,0.25,0.58,0.17,0.05,0.01
WK051834,Morgenstond,518,'s-Gravenhage,Wijk  34 Morgenstond,2014,0.07,379.5558,0.08,0.50,0.50,0.37,0.13,0.13,0.09,0.03,0.03,0.02,0.20,38.53,0.21,0.64,0.14,0.05,0.01
WK051836,Moerwijk,518,'s-Gravenhage,Wijk  36 Moerwijk,2014,0.06,335.6399,0.08,0.52,0.48,0.29,0.11,0.12,0.12,0.05,0.02,0.03,0.26,36.74,0.24,0.65,0.12,0.07,0.01
WK051837,Groente- en Fruitmarkt,518,'s-Gravenhage,Wijk  37 Groente- en Fruitmarkt,2014,0.02,234.5561,0.06,0.52,0.48,0.13,0.17,0.37,0.08,0.02,0.01,0.02,0.20,32.82,0.30,0.64,0.06,0.06,0.00
WK051838,Laakkwartier en Spoorwijk,518,'s-Gravenhage,Wijk  38 Laakkwartier en Spoorwijk,2014,0.03,249.2706,0.06,0.51,0.49,0.27,0.16,0.08,0.09,0.05,0.02,0.08,0.26,34.45,0.23,0.69,0.08,0.06,0.00
WK051840,Wateringse Veld,518,'s-Gravenhage,Wijk  40 Wateringse Veld,2014,0.04,182.1205,0.05,0.50,0.50,0.60,0.11,0.07,0.04,0.02,0.03,0.01,0.13,36.40,0.30,0.60,0.10,0.02,0.01
WK051842,Ypenburg,518,'s-Gravenhage,Wijk  42 Ypenburg,2014,0.02,203.5344,0.05,0.50,0.50,0.61,0.10,0.04,0.03,0.02,0.03,0.01,0.17,33.67,0.32,0.62,0.06,0.02,0.00
WK051844,Leidschenveen,518,'s-Gravenhage,Wijk  44 Leidschenveen,2014,0.03,141.566,0.05,0.50,0.50,0.63,0.12,0.03,0.03,0.02,0.03,0.01,0.14,34.56,0.32,0.61,0.08,0.02,0.00
WK051802,Belgisch Park,518,'s-Gravenhage,Wijk  02 Belgisch Park,2015,0.09,197.4494,0.04,0.50,0.50,0.65,0.02,0.01,0.01,0.01,0.05,0.01,0.26,42.08,0.21,0.60,0.20,0.01,0.01
WK051803,Westbroekpark en Duttendel,518,'s-Gravenhage,Wijk  03 Westbroekpark en Duttendel,2015,0.20,192.5677,0.03,0.45,0.55,0.63,0.01,                 ,                 ,0.01,0.07,0.01,0.28,52.18,0.19,0.43,0.38,,0.03
WK051804,Benoordenhout,518,'s-Gravenhage,Wijk  04 Benoordenhout,2015,0.15,167.7976,0.03,0.46,0.54,0.59,0.01,0.00,0.00,0.01,0.07,0.01,0.31,45.43,0.22,0.51,0.27,0.00,0.02
WK051805,Archipelbuurt,518,'s-Gravenhage,Wijk  05 Archipelbuurt,2015,0.07,229.5084,0.05,0.47,0.53,0.58,0.01,0.01,0.00,0.01,0.06,0.01,0.33,43.76,0.19,0.60,0.21,0.01,0.01
WK051806,Van Stolkpark en Scheveningse Bosjes,518,'s-Gravenhage,Wijk  06 Van Stolkpark en Scheveningse Bosjes,2015,0.18,219.0452,0.03,0.48,0.52,0.57,                 ,                 ,                 ,                 ,0.07,                 ,0.34,49.42,0.19,0.49,0.33,,0.03
WK051807,Scheveningen,518,'s-Gravenhage,Wijk  07 Scheveningen,2015,0.09,265.2747,0.05,0.49,0.51,0.70,0.02,0.01,0.01,0.01,0.03,0.01,0.22,42.96,0.18,0.63,0.20,0.02,0.01
WK051808,Duindorp,518,'s-Gravenhage,Wijk  08 Duindorp,2015,0.05,283.8189,0.05,0.50,0.50,0.84,0.01,0.00,0.01,0.01,0.02,0.01,0.10,39.24,0.23,0.63,0.14,0.03,0.01
WK051809,Geuzen- en Statenkwartier,518,'s-Gravenhage,Wijk  09 Geuzen- en Statenkwartier,2015,0.08,174.7271,0.04,0.47,0.53,0.61,0.02,0.01,0.01,0.01,0.05,0.01,0.30,41.61,0.23,0.59,0.19,0.01,0.01
WK051811,Duinoord,518,'s-Gravenhage,Wijk  11 Duinoord,2015,0.04,381.3747,0.06,0.52,0.48,0.57,0.04,0.01,0.02,0.02,0.05,0.01,0.29,38.39,0.19,0.70,0.12,0.05,0.00
WK051812,Bomen- en Bloemenbuurt,518,'s-Gravenhage,Wijk  12 Bomen- en Bloemenbuurt,2015,0.10,205.8803,0.05,0.46,0.54,0.70,0.03,0.01,0.01,0.01,0.06,0.01,0.18,43.18,0.20,0.60,0.20,0.01,0.01
WK051813,Vogelwijk,518,'s-Gravenhage,Wijk  13 Vogelwijk,2015,0.08,120.0785,0.04,0.48,0.52,0.73,0.01,                 ,                 ,0.01,0.07,0.00,0.18,42.54,0.29,0.51,0.20,0.00,0.01
WK051814,Bohemen en Meer en Bos,518,'s-Gravenhage,Wijk  14 Bohemen en Meer en Bos,2015,0.20,207.3548,0.05,0.44,0.56,0.74,0.02,0.00,0.00,0.01,0.08,0.01,0.15,53.61,0.13,0.49,0.38,0.01,0.02
WK051815,Kijkduin en Ockenburgh,518,'s-Gravenhage,Wijk  15 Kijkduin en Ockenburgh,2015,0.14,109.285,0.03,0.49,0.51,0.74,0.02,0.01,                 ,0.01,0.05,                 ,0.17,49.87,0.18,0.50,0.32,,0.01
WK051816,Kraayenstein en de Uithof,518,'s-Gravenhage,Wijk  16 Kraayenstein en de Uithof,2015,0.08,1074.2503,0.05,0.52,0.48,0.73,0.04,0.01,0.01,0.01,0.04,0.01,0.14,44.92,0.18,0.62,0.20,0.02,0.01
WK051817,Loosduinen,518,'s-Gravenhage,Wijk  17 Loosduinen,2015,0.11,284.9353,0.05,0.48,0.52,0.70,0.06,0.03,0.03,0.01,0.03,0.02,0.12,45.45,0.19,0.58,0.23,0.02,0.01
WK051818,Waldeck,518,'s-Gravenhage,Wijk  18 Waldeck,2015,0.18,397.2393,0.06,0.46,0.54,0.69,0.04,0.02,0.02,0.02,0.05,0.01,0.15,49.67,0.15,0.52,0.33,0.02,0.02
WK051819,Vruchtenbuurt,518,'s-Gravenhage,Wijk  19 Vruchtenbuurt,2015,0.07,167.4722,0.04,0.47,0.53,0.76,0.02,0.01,0.00,0.01,0.05,0.01,0.14,40.70,0.23,0.61,0.16,0.01,0.01
WK051820,Valkenboskwartier,518,'s-Gravenhage,Wijk  20 Valkenboskwartier,2015,0.03,313.1784,0.06,0.50,0.50,0.50,0.12,0.03,0.03,0.02,0.04,0.05,0.22,36.44,0.20,0.71,0.09,0.04,0.01
WK051821,Regentessekwartier,518,'s-Gravenhage,Wijk  21 Regentessekwartier,2015,0.03,387.234,0.06,0.50,0.50,0.51,0.11,0.03,0.03,0.03,0.03,0.03,0.23,36.83,0.17,0.73,0.09,0.04,0.01
WK051822,Zeeheldenkwartier,518,'s-Gravenhage,Wijk  22 Zeeheldenkwartier,2015,0.03,530.128,0.07,0.50,0.50,0.53,0.05,0.02,0.04,0.02,0.04,0.01,0.29,37.19,0.16,0.75,0.09,0.04,0.01
WK051823,Willemspark,518,'s-Gravenhage,Wijk  23 Willemspark,2015,0.06,197.6649,0.05,0.51,0.49,0.50,0.01,0.01,                 ,0.01,0.06,                 ,0.40,42.14,0.14,0.70,0.17,0.01,0.01
WK051825,Mariahoeve en Marlot,518,'s-Gravenhage,Wijk  25 Mariahoeve en Marlot,2015,0.13,310.5091,0.06,0.48,0.52,0.50,0.05,0.02,0.03,0.03,0.05,0.01,0.30,43.91,0.18,0.59,0.23,0.03,0.02
WK051826,Bezuidenhout,518,'s-Gravenhage,Wijk  26 Bezuidenhout,2015,0.05,202.3444,0.05,0.49,0.51,0.53,0.04,0.01,0.02,0.02,0.04,0.01,0.33,37.48,0.18,0.70,0.11,0.02,0.01
WK051827,Stationsbuurt,518,'s-Gravenhage,Wijk  27 Stationsbuurt,2015,0.03,333.7998,0.06,0.51,0.49,0.31,0.09,0.05,0.07,0.09,0.02,0.02,0.36,33.36,0.17,0.75,0.07,0.05,0.00
WK051828,Centrum,518,'s-Gravenhage,Wijk  28 Centrum,2015,0.04,357.2868,0.07,0.52,0.48,0.45,0.06,0.03,0.05,0.03,0.04,0.01,0.33,38.50,0.13,0.75,0.11,0.04,0.01
WK051829,Schildersbuurt,518,'s-Gravenhage,Wijk  29 Schildersbuurt,2015,0.03,268.9888,0.06,0.50,0.50,0.09,0.17,0.27,0.22,0.03,0.01,0.02,0.20,34.86,0.29,0.62,0.09,0.06,0.01
WK051830,Transvaalkwartier,518,'s-Gravenhage,Wijk  30 Transvaalkwartier,2015,0.03,241.4264,0.05,0.51,0.49,0.08,0.21,0.28,0.13,0.02,0.01,0.03,0.24,33.93,0.28,0.63,0.09,0.06,0.01
WK051831,Rustenburg en Oostbroek,518,'s-Gravenhage,Wijk  31 Rustenburg en Oostbroek,2015,0.03,231.7533,0.05,0.52,0.49,0.36,0.12,0.13,0.03,0.02,0.02,0.08,0.23,34.48,0.24,0.68,0.08,0.05,0.00
WK051832,Leyenburg,518,'s-Gravenhage,Wijk  32 Leyenburg,2015,0.10,227.2488,0.05,0.48,0.52,0.66,0.06,0.03,0.02,0.02,0.05,0.03,0.14,42.15,0.19,0.62,0.19,0.03,0.01
WK051833,Bouwlust en Vrederust,518,'s-Gravenhage,Wijk  33 Bouwlust en Vrederust,2015,0.09,290.5998,0.06,0.49,0.51,0.32,0.10,0.17,0.13,0.04,0.02,0.03,0.18,38.94,0.25,0.58,0.17,0.05,0.01
WK051834,Morgenstond,518,'s-Gravenhage,Wijk  34 Morgenstond,2015,0.07,354.5226,0.07,0.51,0.49,0.36,0.13,0.13,0.09,0.03,0.03,0.03,0.21,38.27,0.22,0.65,0.14,0.05,0.01
WK051836,Moerwijk,518,'s-Gravenhage,Wijk  36 Moerwijk,2015,0.06,332.5344,0.07,0.52,0.48,0.28,0.11,0.12,0.12,0.05,0.02,0.03,0.27,36.58,0.24,0.64,0.12,0.06,0.01
WK051837,Groente- en Fruitmarkt,518,'s-Gravenhage,Wijk  37 Groente- en Fruitmarkt,2015,0.02,180.4111,0.05,0.52,0.48,0.13,0.17,0.38,0.08,0.02,0.01,0.02,0.20,33.09,0.29,0.64,0.06,0.05,0.00
WK051838,Laakkwartier en Spoorwijk,518,'s-Gravenhage,Wijk  38 Laakkwartier en Spoorwijk,2015,0.03,244.3532,0.05,0.52,0.49,0.26,0.16,0.08,0.09,0.05,0.02,0.08,0.26,34.53,0.23,0.69,0.08,0.06,0.01
WK051840,Wateringse Veld,518,'s-Gravenhage,Wijk  40 Wateringse Veld,2015,0.05,148.3843,0.04,0.50,0.50,0.59,0.11,0.07,0.05,0.02,0.03,0.01,0.13,36.68,0.30,0.60,0.10,0.02,0.01
WK051842,Ypenburg,518,'s-Gravenhage,Wijk  42 Ypenburg,2015,0.02,159.9101,0.03,0.50,0.50,0.60,0.10,0.04,0.03,0.02,0.03,0.01,0.18,34.09,0.32,0.62,0.06,0.02,0.00
WK051844,Leidschenveen,518,'s-Gravenhage,Wijk  44 Leidschenveen,2015,0.03,114.8576,0.03,0.50,0.50,0.62,0.12,0.03,0.04,0.02,0.03,0.01,0.14,35.08,0.32,0.60,0.08,0.01,0.00
WK051802,Belgisch Park,518,'s-Gravenhage,Wijk  02 Belgisch Park,2016,0.08,199.1853,0.04,0.50,0.51,0.63,0.02,0.01,0.01,0.01,0.05,0.01,0.28,42.09,0.21,0.60,0.20,0.01,0.01
WK051803,Westbroekpark en Duttendel,518,'s-Gravenhage,Wijk  03 Westbroekpark en Duttendel,2016,0.20,154.6351,0.04,0.46,0.55,0.63,0.01,                 ,                 ,0.01,0.07,0.01,0.29,52.08,0.19,0.43,0.39,,0.02
WK051804,Benoordenhout,518,'s-Gravenhage,Wijk  04 Benoordenhout,2016,0.15,157.6806,0.04,0.47,0.54,0.59,0.01,0.00,0.00,0.01,0.07,0.01,0.32,45.46,0.23,0.51,0.27,0.00,0.02
WK051805,Archipelbuurt,518,'s-Gravenhage,Wijk  05 Archipelbuurt,2016,0.07,215.5595,0.05,0.48,0.52,0.57,0.02,0.01,0.00,0.01,0.06,0.01,0.34,43.58,0.19,0.60,0.21,0.01,0.01
WK051806,Van Stolkpark en Scheveningse Bosjes,518,'s-Gravenhage,Wijk  06 Van Stolkpark en Scheveningse Bosjes,2016,0.17,302.9435,0.04,0.48,0.52,0.57,0.01,                 ,                 ,                 ,0.06,                 ,0.35,49.34,0.19,0.49,0.32,,0.02
WK051807,Scheveningen,518,'s-Gravenhage,Wijk  07 Scheveningen,2016,0.09,256.234,0.05,0.49,0.51,0.69,0.02,0.01,0.01,0.01,0.03,0.01,0.23,42.93,0.18,0.62,0.20,0.02,0.01
WK051808,Duindorp,518,'s-Gravenhage,Wijk  08 Duindorp,2016,0.05,316.3379,0.05,0.50,0.50,0.84,0.01,0.00,0.01,0.01,0.02,0.01,0.11,39.52,0.23,0.62,0.15,0.03,0.01
WK051809,Geuzen- en Statenkwartier,518,'s-Gravenhage,Wijk  09 Geuzen- en Statenkwartier,2016,0.08,170.2954,0.04,0.48,0.52,0.60,0.02,0.01,0.01,0.01,0.05,0.01,0.31,41.46,0.23,0.58,0.19,0.01,0.01
WK051811,Duinoord,518,'s-Gravenhage,Wijk  11 Duinoord,2016,0.05,160.8067,0.05,0.49,0.51,0.59,0.02,0.00,0.00,0.01,0.05,0.01,0.31,38.62,0.21,0.66,0.13,0.01,0.01
WK051812,Bomen- en Bloemenbuurt,518,'s-Gravenhage,Wijk  12 Bomen- en Bloemenbuurt,2016,0.10,199.9961,0.05,0.46,0.54,0.69,0.03,0.01,0.01,0.01,0.06,0.01,0.19,43.15,0.20,0.59,0.21,0.01,0.01
WK051813,Vogelwijk,518,'s-Gravenhage,Wijk  13 Vogelwijk,2016,0.08,111.0298,0.03,0.48,0.52,0.73,0.01,                 ,                 ,0.01,0.07,0.00,0.18,42.39,0.30,0.50,0.20,,0.01
WK051814,Bohemen en Meer en Bos,518,'s-Gravenhage,Wijk  14 Bohemen en Meer en Bos,2016,0.20,241.5134,0.05,0.44,0.56,0.74,0.02,0.00,0.00,0.01,0.07,0.01,0.15,53.59,0.13,0.49,0.38,0.01,0.02
WK051815,Kijkduin en Ockenburgh,518,'s-Gravenhage,Wijk  15 Kijkduin en Ockenburgh,2016,0.14,118.3708,0.04,0.49,0.51,0.74,0.02,                 ,                 ,0.01,0.05,                 ,0.18,50.20,0.17,0.52,0.32,,0.01
WK051816,Kraayenstein en de Uithof,518,'s-Gravenhage,Wijk  16 Kraayenstein en de Uithof,2016,0.08,1579.1264,0.05,0.52,0.49,0.72,0.04,0.01,0.01,0.01,0.04,0.01,0.16,44.24,0.19,0.61,0.20,0.02,0.01
WK051817,Loosduinen,518,'s-Gravenhage,Wijk  17 Loosduinen,2016,0.11,342.8756,0.05,0.48,0.52,0.69,0.06,0.03,0.03,0.01,0.03,0.02,0.12,45.27,0.19,0.57,0.24,0.02,0.02
WK051818,Waldeck,518,'s-Gravenhage,Wijk  18 Waldeck,2016,0.17,432.1559,0.05,0.46,0.54,0.68,0.04,0.02,0.02,0.02,0.05,0.02,0.15,49.68,0.16,0.52,0.33,0.02,0.02
WK051819,Vruchtenbuurt,518,'s-Gravenhage,Wijk  19 Vruchtenbuurt,2016,0.07,166.0531,0.04,0.47,0.53,0.75,0.02,0.01,0.00,0.01,0.05,0.01,0.14,40.88,0.23,0.61,0.16,0.01,0.01
WK051820,Valkenboskwartier,518,'s-Gravenhage,Wijk  20 Valkenboskwartier,2016,0.04,298.7937,0.06,0.50,0.51,0.50,0.12,0.03,0.03,0.02,0.04,0.05,0.23,36.61,0.20,0.71,0.10,0.04,0.01
WK051821,Regentessekwartier,518,'s-Gravenhage,Wijk  21 Regentessekwartier,2016,0.04,375.4313,0.07,0.50,0.50,0.50,0.10,0.03,0.03,0.03,0.03,0.03,0.24,37.04,0.18,0.73,0.10,0.03,0.01
WK051822,Zeeheldenkwartier,518,'s-Gravenhage,Wijk  22 Zeeheldenkwartier,2016,0.03,470.5049,0.07,0.50,0.50,0.52,0.05,0.02,0.03,0.03,0.04,0.01,0.30,37.26,0.16,0.74,0.10,0.03,0.01
WK051823,Willemspark,518,'s-Gravenhage,Wijk  23 Willemspark,2016,0.06,273.7344,0.05,0.51,0.49,0.49,0.01,0.01,0.01,0.01,0.06,0.01,0.41,41.91,0.14,0.69,0.17,0.01,0.00
WK051825,Mariahoeve en Marlot,518,'s-Gravenhage,Wijk  25 Mariahoeve en Marlot,2016,0.12,314.7275,0.06,0.48,0.52,0.49,0.05,0.02,0.03,0.03,0.05,0.01,0.31,43.47,0.18,0.60,0.23,0.03,0.01
WK051826,Bezuidenhout,518,'s-Gravenhage,Wijk  26 Bezuidenhout,2016,0.05,214.2459,0.05,0.49,0.51,0.52,0.04,0.01,0.02,0.02,0.04,0.01,0.34,37.31,0.19,0.70,0.11,0.02,0.00
WK051827,Stationsbuurt,518,'s-Gravenhage,Wijk  27 Stationsbuurt,2016,0.03,371.3947,0.06,0.51,0.49,0.29,0.08,0.05,0.07,0.08,0.02,0.02,0.39,33.31,0.17,0.75,0.07,0.04,0.01
WK051828,Centrum,518,'s-Gravenhage,Wijk  28 Centrum,2016,0.04,322.6209,0.07,0.52,0.48,0.44,0.06,0.03,0.05,0.03,0.04,0.01,0.34,38.53,0.14,0.75,0.11,0.03,0.00
WK051829,Schildersbuurt,518,'s-Gravenhage,Wijk  29 Schildersbuurt,2016,0.03,258.0342,0.06,0.50,0.50,0.09,0.16,0.27,0.22,0.03,0.01,0.02,0.21,35.23,0.29,0.62,0.10,0.05,0.01
WK051830,Transvaalkwartier,518,'s-Gravenhage,Wijk  30 Transvaalkwartier,2016,0.04,236.1623,0.05,0.51,0.49,0.08,0.20,0.27,0.13,0.02,0.01,0.03,0.25,34.35,0.28,0.63,0.09,0.05,0.01
WK051831,Rustenburg en Oostbroek,518,'s-Gravenhage,Wijk  31 Rustenburg en Oostbroek,2016,0.03,173.4009,0.05,0.52,0.49,0.35,0.12,0.13,0.03,0.02,0.02,0.09,0.23,34.59,0.24,0.69,0.08,0.04,0.00
WK051832,Leyenburg,518,'s-Gravenhage,Wijk  32 Leyenburg,2016,0.10,236.5275,0.05,0.49,0.51,0.65,0.06,0.04,0.02,0.02,0.04,0.04,0.15,42.07,0.19,0.63,0.19,0.03,0.01
WK051833,Bouwlust en Vrederust,518,'s-Gravenhage,Wijk  33 Bouwlust en Vrederust,2016,0.09,225.8868,0.05,0.49,0.51,0.31,0.10,0.17,0.13,0.04,0.02,0.04,0.19,38.73,0.25,0.58,0.16,0.04,0.01
WK051834,Morgenstond,518,'s-Gravenhage,Wijk  34 Morgenstond,2016,0.06,326.5565,0.06,0.51,0.49,0.34,0.13,0.14,0.09,0.03,0.03,0.03,0.22,38.16,0.23,0.64,0.14,0.04,0.01
WK051836,Moerwijk,518,'s-Gravenhage,Wijk  36 Moerwijk,2016,0.06,326.1501,0.06,0.52,0.48,0.28,0.11,0.12,0.12,0.05,0.02,0.04,0.27,36.44,0.25,0.64,0.12,0.06,0.01
WK051837,Groente- en Fruitmarkt,518,'s-Gravenhage,Wijk  37 Groente- en Fruitmarkt,2016,0.02,187.3534,0.05,0.52,0.48,0.12,0.17,0.38,0.08,0.02,0.01,0.02,0.21,33.53,0.29,0.65,0.07,0.05,0.00
WK051838,Laakkwartier en Spoorwijk,518,'s-Gravenhage,Wijk  38 Laakkwartier en Spoorwijk,2016,0.03,280.4308,0.05,0.53,0.48,0.25,0.15,0.08,0.09,0.05,0.02,0.08,0.27,34.64,0.23,0.70,0.08,0.06,0.00
WK051840,Wateringse Veld,518,'s-Gravenhage,Wijk  40 Wateringse Veld,2016,0.05,136.056,0.04,0.50,0.50,0.58,0.11,0.07,0.05,0.02,0.03,0.01,0.14,37.00,0.29,0.60,0.11,0.02,0.01
WK051842,Ypenburg,518,'s-Gravenhage,Wijk  42 Ypenburg,2016,0.02,157.6612,0.04,0.50,0.50,0.60,0.10,0.04,0.03,0.02,0.03,0.01,0.18,34.55,0.32,0.61,0.07,0.02,0.00
WK051844,Leidschenveen,518,'s-Gravenhage,Wijk  44 Leidschenveen,2016,0.03,101.0191,0.03,0.50,0.50,0.61,0.12,0.03,0.04,0.02,0.03,0.01,0.15,35.62,0.31,0.60,0.09,0.01,0.00
